url,label,url_length,dot_count,slash_count,subdomain_count,suspicious_keyword,special_char_count,digit_count,url_encoding_count,has_ip,is_shortened,repeated_char_count,https_present,has_at_symbol
https://marketpiace-centers-unlockk-nam88.click/3,phishing,49,1,3,1,0,4,3,0,0,0,0,1,0
https://marketpiace-centers-unlockk-nam88.click/5,phishing,49,1,3,1,0,4,3,0,0,0,0,1,0
https://marketpiace-centers-unlockk-nam88.click/6,phishing,49,1,3,1,0,4,3,0,0,0,0,1,0
https://marketpiace-centers-unlockk-nam88.click/4,phishing,49,1,3,1,0,4,3,0,0,0,0,1,0
https://business.secure-accounts-security.com/wp-content/.htaccess,phishing,66,3,4,2,1,6,0,0,0,0,0,1,0
https://diuykgd.github.io/,phishing,26,2,3,2,0,2,0,0,0,0,0,1,0
https://shaw-102668.weeblysite.com/,phishing,35,2,3,2,0,3,6,0,0,0,0,1,0
https://ezfcr.top/,phishing,18,1,3,1,0,1,0,0,0,0,0,1,0
https://onchainfloki.pages.dev/,phishing,31,2,3,2,0,2,0,0,0,0,0,1,0
http://etybo.top/,phishing,17,1,3,1,0,1,0,0,0,0,0,0,0
https://exhsx.top/,phishing,18,1,3,1,0,1,0,0,0,0,0,1,0
https://erqbe.top/,phishing,18,1,3,1,0,1,0,0,0,0,0,1,0
http://www.shorten.is/@verificationlogin78653421/,phishing,49,2,4,2,1,3,8,0,0,0,1,0,1
https://axisphonebankingofficer.srmsb.com/,phishing,42,2,3,2,1,2,0,0,0,0,0,1,0
http://www.dillikicp.com/track/,phishing,31,2,4,2,0,2,0,0,0,0,1,0,0
https://mdkmjhdffdio.weebly.com/,phishing,32,2,3,2,0,2,0,0,0,0,0,1,0
https://fin-digital.live/zVfXMvC4,phishing,33,1,3,1,0,2,1,0,0,0,0,1,0
https://shaw-103268.weeblysite.com/,phishing,35,2,3,2,0,3,6,0,0,0,0,1,0
https://ejkne.top/,phishing,18,1,3,1,0,1,0,0,0,0,0,1,0
https://home-101266.weeblysite.com/,phishing,35,2,3,2,0,3,6,0,0,0,0,1,0
https://cakjd.top/,phishing,18,1,3,1,0,1,0,0,0,0,0,1,0
https://ste50card.com/cn,phishing,24,1,3,1,0,1,2,0,0,0,0,1,0
http://stenmcommunity.com/gift/id=5495914643,phishing,44,1,4,1,0,2,10,0,0,0,0,0,0
https://walletprotection-trezor.webflow.io/,phishing,43,2,3,2,0,3,0,0,0,0,0,1,0
https://yullisoibussei-8369.vercel.app/rzl.yghtb,phishing,48,3,3,2,0,4,4,0,0,0,0,1,0
https://ntlworldupdatemail.weebly.com/,phishing,38,2,3,2,1,2,0,0,0,0,0,1,0
https://pub-08eddec3e4fe4a24aca67c81f432f70b.r2.dev/index.html,phishing,62,3,3,2,0,4,17,0,0,0,0,1,0
https://appole.saccade.cn/store/,phishing,32,2,4,2,0,2,0,0,0,0,0,1,0
http://www.telegramus.org/,phishing,26,2,3,2,0,2,0,0,0,0,1,0,0
http://ebay.store-gp.shop/app.html,phishing,34,3,3,2,0,4,0,0,0,0,0,0,0
https://srwrw2.pages.dev/errors/validateCaptcha?amzn=mICjWOgygM%20BTnVytWHXMA==&amzn-r=/&field-keywords=,phishing,104,2,5,2,0,11,3,1,0,0,0,1,0
http://www.naszepogorzale.pl/media/editors/tinymce/e4ea180932722003275de3fb43cd8ec3/,phishing,84,2,7,2,0,2,21,0,0,0,1,0,0
http://geminenilogoginn.webflow.io/,phishing,35,2,3,2,0,2,0,0,0,0,0,0,0
http://case-id-10002212427805.maceraseyahati.com/,phishing,49,2,3,2,0,4,14,0,0,0,1,0,0
https://auth--iotreezur---cdn.webflow.io/,phishing,41,2,3,2,0,7,0,0,0,0,1,1,0
http://novacola.co.nz/,phishing,22,2,3,2,0,2,0,0,0,0,0,0,0
https://takedownnoticetrendedge.vercel.app/3ae&25&93cf6=5a&1eGK9d0xe13da4b=D400e,phishing,80,2,3,2,0,4,16,0,0,0,0,1,0
https://takedownnoticetrendedge.vercel.app/3ae&25&93cf6=5a&1eGK9d0xe13da4b=D400e.html,phishing,85,3,3,2,0,5,16,0,0,0,0,1,0
https://pub-699e84f217f5423c837b00ebdb05ca69.r2.dev/oiuytrt.html,phishing,64,3,3,2,0,4,22,0,0,0,0,1,0
https://pub-cf3bc22aaaf545b29f5c97da5e19921d.r2.dev/index.html,phishing,62,3,3,2,0,4,18,0,0,0,1,1,0
https://akshita18r.github.io/Amazon-clone,phishing,41,2,3,2,0,3,2,0,0,0,0,1,0
https://newesmaallerupdatattmail.weebly.com/,phishing,44,2,3,2,0,2,0,0,0,0,0,1,0
https://elamathimurugesan.github.io/Netflix-Clone,phishing,49,2,3,2,0,3,0,0,0,0,0,1,0
http://facebookproxyip.com/,phishing,27,1,3,1,0,1,0,0,0,0,0,0,0
https://attservero.weebly.com/,phishing,30,2,3,2,0,2,0,0,0,0,0,1,0
https://talktomenow2025.weebly.com/,phishing,35,2,3,2,0,2,4,0,0,0,0,1,0
https://bauierty.shop/,phishing,22,1,3,1,0,1,0,0,0,0,0,1,0
https://takedownnoticetrendedge.vercel.app/complaint&z,phishing,54,2,3,2,0,2,0,0,0,0,0,1,0
https://updaateyourmeetamask.hosted.phplist.com/lists/lt.php?tid=LBpQAAsAAloEABoHVgEAHAFRBVUaUAlRABsAUFEIVwBcAgUHWVJJVQVWAlZUXQYcVgZUBBoFAgJVG1dWUQ4fUFVWBgoPBQRVBVVSSwVVUlMFBlQEGgBSVlUbAQFRXB8AVAdVHgkFUQJTUgEDU10HAg,phishing,215,4,4,3,0,6,5,0,0,1,0,1,0
https://pub-a451390a3a2f4283849ed94a6036aceb.r2.dev/index.html,phishing,62,3,3,2,0,4,22,0,0,0,0,1,0
http://ikut-j3mp0l4n-47.glds.my.id/,phishing,35,3,3,3,0,5,5,0,0,0,0,0,0
http://secure--blockfi---sso--cdn-b.webflow.io/,phishing,47,2,3,2,1,10,0,0,0,0,1,0,0
https://protectusercontentleadamplify.vercel.app/complaint&z,phishing,60,2,3,2,0,2,0,0,0,0,0,1,0
https://prantikmedhi.github.io/Instagram-,phishing,41,2,3,2,0,3,0,0,0,0,0,1,0
https://kucoin-loginnnnn.webflow.io/,phishing,36,2,3,2,1,3,0,0,0,0,1,1,0
http://app-office03voicemail-protection.com/,phishing,44,1,3,1,0,3,2,0,0,0,0,0,0
https://att-yahoo-107213.weeblysite.com/,phishing,40,2,3,2,0,4,6,0,0,0,0,1,0
https://rightstrackerleadleverage.vercel.app/3ae&25&93cf6=5a&1eGK9d0xe13da4b=D400e,phishing,82,2,3,2,0,4,16,0,0,0,0,1,0
https://complianceviolationengagehub.vercel.app/3ae&25&93cf6=5a&1eGK9d0xe13da4b=D400e,phishing,85,2,3,2,0,4,16,0,0,0,0,1,0
https://kominfosurabayagoid.pages.dev/,phishing,38,2,3,2,0,2,0,0,0,0,0,1,0
http://redtailtechnology.pages.dev/,phishing,35,2,3,2,0,2,0,0,0,0,0,0,0
https://cdn.trytraffics.com/rdr/YWE9Mzc5ODg2MzcxJnNlaT0zMDQ4NDk2MiZ0az04MWNpNHdlVk5WZkRucFpKR2p4eCZ0PTUmYz05MGFzODc2ZmQ4OWFzNWZnOGEwOXM=,phishing,136,2,4,2,0,3,17,0,0,0,0,1,0
https://rightsabuseadcurators.vercel.app/complaint&z,phishing,52,2,3,2,0,2,0,0,0,0,0,1,0
https://womanofficialstore.com/m/register?codeNumber=/,phishing,54,1,5,1,0,3,0,0,0,0,0,1,0
https://cdn.trytraffics.com/rdr/YWE9Mzc5ODc0OTM2JnNlaT04MDc3MSZ0az1sZXJCdWsxRmF2TW1FQjU2TEZUVyZ0PTUmYz05MGFzODc2ZmQ4OWFzNWZnOGEwOXM=,phishing,132,2,4,2,0,3,17,0,0,0,0,1,0
https://whatsappmom4.pages.dev/,phishing,31,2,3,2,0,2,1,0,0,0,0,1,0
http://www.alfolw.dk/[email%C3%83%C2%83%C3%82%C2%83%C3%83%C2%82%C3%82%C2%83%C3%83%C2%83%C3%82%C2%82%C3%83%C2%82%C3%82%C2%83%C3%83%C2%83%C3%82%C2%83%C3%83%C2%82%C3%82%C2%82%C3%83%C2%83%C3%82%C2%82%C3%83%C2%82%C3%82%C2%82%C3%83%C2%83%C3%82%C2%83%C3%83%C2%82%C3%82%C2%83%C3%83%C2%83%C3%82%C2%82%C3%83%C2%82%C3%82%C2%82%C3%83%C2%83%C3%82%C2%83%C3%83%C2%82%C3%82%C2%82%C3%83%C2%83%C3%82%C2%82%C3%83%C2%82%C3%82%C2%A0protected]/,phishing,422,2,4,2,0,130,191,128,0,0,1,0,0
https://takedownactioninfluencerx.vercel.app/3ae&25&93cf6=5a&1eGK9d0xe13da4b=D400e,phishing,82,2,3,2,0,4,16,0,0,0,0,1,0
https://640sycamore.duckdns.org/cgi-bin/index.ha/cgi-bin/index.ha,phishing,65,4,6,2,0,6,3,0,0,0,0,1,0
https://640sycamore.duckdns.org/cgi-bin/index.ha,phishing,48,3,4,2,0,4,3,0,0,0,0,1,0
https://640sycamore.duckdns.org/,phishing,32,2,3,2,0,2,3,0,0,0,0,1,0
https://complianceactionmarketamplified.vercel.app/3ae&25&93cf6=5a&1eGK9d0xe13da4b=D400e,phishing,88,2,3,2,0,4,16,0,0,0,0,1,0
https://cdn.trytraffics.com/rdr/YWE9Mzc4MDc3MjI0JnNlaT05ODA4MTUwJnRrPXhrYjF0U05vYk94Tll4bDNhem5BJnQ9NSZjPTkwYXM4NzZmZDg5YXM1Zmc4YTA5cw==,phishing,136,2,4,2,0,4,20,0,0,0,0,1,0
https://ganmiilogin.webflow.io/,phishing,31,2,3,2,1,2,0,0,0,0,0,1,0
https://gaminileggini.webflow.io/,phishing,33,2,3,2,0,2,0,0,0,0,0,1,0
https://cdn.trytraffics.com/rdr/YWE9Mzc4MDc3OTU2JnNlaT0zMDM3ODM3NSZ0az1pNkxWUU5Ld3F2VW5nZDlndFhnbSZ0PTUmYz05MGFzODc2ZmQ4OWFzNWZnOGEwOXM=,phishing,136,2,4,2,0,3,18,0,0,0,0,1,0
https://pencairan.pages.dev/,phishing,28,2,3,2,0,2,0,0,0,0,0,1,0
http://puckiy.business-minagne.com/,phishing,35,2,3,2,0,3,0,0,0,0,0,0,0
https://cn-maighdiln-uid.pages.dev/help/contact/18617256769547,phishing,62,2,5,2,0,4,14,0,0,0,0,1,0
https://kushal98989.github.io/-Amazon-clone-,phishing,44,2,3,2,0,5,5,0,0,0,0,1,0
https://bapenda-5un.pages.dev/,phishing,30,2,3,2,0,3,1,0,0,0,0,1,0
https://complianceactionmarketamplified.vercel.app/complaint&z,phishing,62,2,3,2,0,2,0,0,0,0,0,1,0
https://yahoomail.com.carbonmatter.com/login_verify.html,phishing,56,4,3,3,1,5,0,0,0,0,0,1,0
https://airdiagnostic.com/,phishing,26,1,3,1,0,1,0,0,0,0,0,1,0
https://agenjne.pages.dev/,phishing,26,2,3,2,0,2,0,0,0,0,0,1,0
https://harishamid591.github.io/Netflix-responsive,phishing,50,2,3,2,0,3,3,0,0,0,0,1,0
https://geaminiloginsus.webflow.io/,phishing,35,2,3,2,1,2,0,0,0,0,0,1,0
https://cdn.trytraffics.com/rdr/YWE9Mzc5ODYzOTA3JnNlaT0yNzQwNDg4MiZ0az0xQzBDQTRqbXdIOEJPRGNrQ2JmTSZ0PTUmYz05MGFzODc2ZmQ4OWFzNWZnOGEwOXM=,phishing,136,2,4,2,0,3,13,0,0,0,0,1,0
https://currentlymailacc.weebly.com/,phishing,36,2,3,2,0,2,0,0,0,0,0,1,0
https://ghzeminilioogin.webflow.io/,phishing,35,2,3,2,0,2,0,0,0,0,0,1,0
http://www.shorten.is/@authenticateinformationpage349754743/,phishing,60,2,4,2,0,3,9,0,0,0,1,0,1
https://gezimnilogeun.webflow.io/,phishing,33,2,3,2,0,2,0,0,0,0,0,1,0
https://loggnzeminn.webflow.io/,phishing,31,2,3,2,0,2,0,0,0,0,0,1,0
https://gemmbianiloggi.webflow.io/,phishing,34,2,3,2,0,2,0,0,0,0,0,1,0
https://gaminileogn.webflow.io/,phishing,31,2,3,2,0,2,0,0,0,0,0,1,0
https://gairraiminelogi.webflow.io/,phishing,35,2,3,2,0,2,0,0,0,0,0,1,0
https://portal--eng--coinbasepro--cdn--auth.webflow.io/,phishing,55,2,3,2,0,10,0,0,0,0,0,1,0
https://portal--coinbasepro--cdn--en-auth-cdn.webflow.io/,phishing,57,2,3,2,0,10,0,0,0,0,0,1,0
https://gemuini-lggin.webflow.io/,phishing,33,2,3,2,0,3,0,0,0,0,0,1,0
https://geiminlggini.webflow.io/,phishing,32,2,3,2,0,2,0,0,0,0,0,1,0
https://currently5541.weebly.com/,phishing,33,2,3,2,0,2,4,0,0,0,0,1,0
https://gieminzilogin.webflow.io/,phishing,33,2,3,2,1,2,0,0,0,0,0,1,0
https://geeuminulgoin.webflow.io/,phishing,33,2,3,2,0,2,0,0,0,0,0,1,0
https://gze-minililogin.webflow.io/,phishing,35,2,3,2,1,3,0,0,0,0,0,1,0
https://zeemaniinlogin.webflow.io/,phishing,34,2,3,2,1,2,0,0,0,0,0,1,0
https://amazon-gilt-pi.vercel.app/,phishing,34,2,3,2,0,4,0,0,0,0,0,1,0
https://graanimilogina.webflow.io/,phishing,34,2,3,2,1,2,0,0,0,0,0,1,0
https://gimeneieloginn.webflow.io/,phishing,34,2,3,2,1,2,0,0,0,0,0,1,0
https://gimminiloggincomm.webflow.io/,phishing,37,2,3,2,0,2,0,0,0,0,0,1,0
https://geyinminilginuslogen.webflow.io/,phishing,40,2,3,2,0,2,0,0,0,0,0,1,0
http://nodeissuesfix.com/,phishing,25,1,3,1,0,1,0,0,0,0,0,0,0
https://gezimnilgeni.webflow.io/,phishing,32,2,3,2,0,2,0,0,0,0,0,1,0
https://exod-us-en-com.webflow.io/,phishing,34,2,3,2,0,5,0,0,0,0,0,1,0
https://contentblockgrowthstrategy.vercel.app/3ae&25&93cf6=5a&1eGK9d0xe13da4b=D400e,phishing,83,2,3,2,0,4,16,0,0,0,0,1,0
http://3650977.cc/,phishing,18,1,3,1,0,1,7,0,0,0,0,0,0
https://garmillgebn.webflow.io/,phishing,31,2,3,2,0,2,0,0,0,0,0,1,0
https://gemaiinilogionn.webflow.io/,phishing,35,2,3,2,0,2,0,0,0,0,0,1,0
https://gameiunilogin.webflow.io/,phishing,33,2,3,2,1,2,0,0,0,0,0,1,0
https://gamenylogii.webflow.io/,phishing,31,2,3,2,0,2,0,0,0,0,0,1,0
https://ee-service-portal.web.app/,phishing,34,2,3,2,0,4,0,0,0,0,0,1,0
https://signinjunomails.weeblysite.com/,phishing,39,2,3,2,0,2,0,0,0,0,0,1,0
https://walletrectify.pages.dev/,phishing,32,2,3,2,0,2,0,0,0,0,0,1,0
https://gegminilogid.webflow.io/,phishing,32,2,3,2,0,2,0,0,0,0,0,1,0
https://gminnilouginn.webflow.io/,phishing,33,2,3,2,0,2,0,0,0,0,0,1,0
https://gezimnilggeni.webflow.io/,phishing,33,2,3,2,0,2,0,0,0,0,0,1,0
https://garinmdlggeni.webflow.io/,phishing,33,2,3,2,0,2,0,0,0,0,0,1,0
https://geamianiiloigiin.webflow.io/,phishing,36,2,3,2,0,2,0,0,0,0,0,1,0
https://giminicm-lggini.webflow.io/,phishing,35,2,3,2,0,3,0,0,0,0,0,1,0
https://gmeniollogini.webflow.io/,phishing,33,2,3,2,1,2,0,0,0,0,0,1,0
https://riyazabdul.github.io/Clone-Netflix-web-Page,phishing,51,2,3,2,0,5,0,0,0,0,0,1,0
https://suport-gemmini.webflow.io/,phishing,34,2,3,2,0,3,0,0,0,0,0,1,0
https://ggaminelogun.webflow.io/,phishing,32,2,3,2,0,2,0,0,0,0,0,1,0
https://gaarminulginro.webflow.io/,phishing,34,2,3,2,0,2,0,0,0,0,0,1,0
http://soportetuexperto-orange-es.webflow.io/,phishing,45,2,3,2,0,4,0,0,0,0,0,0,0
http://hpoxhytp.wiki/,phishing,21,1,3,1,0,1,0,0,0,0,0,0,0
https://trejorhardwar-wall.webflow.io/,phishing,38,2,3,2,0,3,0,0,0,0,0,1,0
https://coinbasejdprologin.webflow.io/,phishing,38,2,3,2,1,2,0,0,0,0,0,1,0
https://logingeoimini.webflow.io/,phishing,33,2,3,2,1,2,0,0,0,0,0,1,0
https://homes-coinpro-learn-support.webflow.io/,phishing,47,2,3,2,0,5,0,0,0,0,0,1,0
https://helps-coinpro-learn-auth.webflow.io/,phishing,44,2,3,2,0,5,0,0,0,0,0,1,0
https://matamaskcriptosignin.webflow.io/,phishing,40,2,3,2,0,2,0,0,0,0,0,1,0
https://verified-violation.github.io/appeal,phishing,43,2,3,2,0,3,0,0,0,0,0,1,0
https://takeactioncontentlaunch.vercel.app/3ae&25&93cf6=5a&1eGK9d0xe13da4b=D400e,phishing,80,2,3,2,0,4,16,0,0,0,0,1,0
https://phothan-w6gp.vercel.app/legit.html,phishing,42,3,3,2,0,4,1,0,0,0,0,1,0
http://lhcznjeacy.duckdns.org/en/,phishing,33,2,4,2,0,2,0,0,0,0,0,0,0
http://geminicryptos8.godaddysites.com/,phishing,39,2,3,2,0,2,1,0,0,0,0,0,0
http://www.cryptonatorwallet.com/,phishing,33,2,3,2,0,2,0,0,0,1,1,0,0
http://sidcadam.github.io/Project-1-Netflix-Clone/,phishing,50,2,4,2,0,5,1,0,0,0,0,0,0
http://pemudian-dana.pages.dev/video.webm,phishing,41,3,3,2,0,4,0,0,0,0,0,0,0
https://just-glass-guardian.glitch.me/public/Qwertynfcu.html,phishing,60,3,4,2,0,5,0,0,0,0,0,1,0
https://wcuadrosuniandes.github.io/nettflix/,phishing,44,2,4,2,0,2,0,0,0,0,0,1,0
https://universalkindthreatlifeserve.weebly.com/,phishing,48,2,3,2,0,2,0,0,0,0,0,1,0
https://help-lioii-ledger.webflow.io/,phishing,37,2,3,2,0,4,0,0,0,0,0,1,0
https://pub-f57c1b291b0746db8820c021ea4760e5.r2.dev/index.html,phishing,62,3,3,2,0,4,23,0,0,0,0,1,0
https://m-app--kucion-cdn.webflow.io/,phishing,37,2,3,2,0,6,0,0,0,0,0,1,0
https://www.haseenergia.com/p0p/p0pjan30/p0p-jan/a2ae40633d2fd91228d272a01ec543ff/,phishing,82,2,7,2,0,3,25,0,0,0,1,1,0
https://locksmithinlansing.com/wp-content/themes/CHFINAL/CHFINALE/,phishing,66,1,7,1,0,2,0,0,0,0,0,1,0
https://pustbntuanxdnacsx.ns10.us.kg/,phishing,37,3,3,3,0,3,2,0,0,0,0,1,0
https://aktfkanx-dnazpayltersx.secaraa.online/,phishing,46,2,3,2,0,3,0,0,0,0,0,1,0
https://shawsyncmailservercommunicationworkspace.weebly.com/,phishing,60,2,3,2,0,2,0,0,0,0,0,1,0
https://secrbnsuppotyu9.weebly.com/,phishing,35,2,3,2,0,2,1,0,0,0,0,1,0
https://shaw-103835.weeblysite.com/,phishing,35,2,3,2,0,3,6,0,0,0,0,1,0
https://busca-lphone.com/,phishing,25,1,3,1,0,2,0,0,0,0,0,1,0
https://case-id-10002212499402.maceraseyahati.com/,phishing,50,2,3,2,0,4,14,0,0,0,1,1,0
https://xrdqf.com/,phishing,18,1,3,1,0,1,0,0,0,0,0,1,0
https://www.amazon-shopai.top/,phishing,30,2,3,2,0,3,0,0,0,0,1,1,0
https://parkergeorge1108.wixsite.com/broadband,phishing,46,2,3,2,0,2,4,0,0,0,0,1,0
https://bafybeibnkcf3t5gnn73ws6mzy3ntctlha4dzc6wkkhrzypck6uzdth37pm.ipfs.dweb.link/,phishing,83,3,3,3,0,3,11,0,0,0,0,1,0
http://kolcreatorcamp.event-redeem.com/,phishing,39,2,3,2,0,3,0,0,0,0,0,0,0
https://lmmxy.top/,phishing,18,1,3,1,0,1,0,0,0,0,0,1,0
http://tecebook.github.io/.com,phishing,30,3,3,2,0,3,0,0,0,0,0,0,0
https://wewow.club/,phishing,19,1,3,1,0,1,0,0,0,0,0,1,0
https://rxsolutionsindia.com/accedi/,phishing,36,1,4,1,0,1,0,0,0,0,0,1,0
https://bafybeic7egv4bneioj7yw5kf22rs7tg4khtfmtel7nrcitjfkntz7dqtvi.ipfs.infura-ipfs.io/,phishing,88,3,3,3,0,4,10,0,0,0,0,1,0
http://rsrishusingh.github.io/NetFlix-Clone/,phishing,44,2,4,2,0,3,0,0,0,0,0,0,0
https://rrenkang.com/,phishing,21,1,3,1,0,1,0,0,0,0,0,1,0
https://pre.abafast.cl/Tinkerfcu,phishing,32,2,3,2,0,2,0,0,0,0,0,1,0
http://upholldlogine.gitbook.io/ess/,phishing,36,2,4,2,1,2,0,0,0,0,0,0,0
http://test2-8kc.pages.dev/css/common/,phishing,38,2,5,2,0,3,2,0,0,0,0,0,0
http://loenwe-hopeagia-noprobs.pages.dev/help/contact/540353825019295/,phishing,70,2,6,2,0,4,15,0,0,0,0,0,0
https://optikundakustik.de/loginn.htm,phishing,37,2,3,1,1,2,0,0,0,0,0,1,0
https://optikundakustik.de/,phishing,27,1,3,1,0,1,0,0,0,0,0,1,0
http://m--start--comledger-auth.webflow.io/,phishing,43,2,3,2,0,7,0,0,0,0,0,0,0
http://paulstindershomes.wixstudio.com/my-site,phishing,46,2,3,2,0,3,0,0,0,0,0,0,0
http://pub-e9431f8641fb4668b9f08c8881dc9639.r2.dev/index.html,phishing,61,3,3,2,0,4,24,0,0,0,1,0,0
http://pub-55d2437597224e659c8576f31ea5f243.r2.dev/index.html,phishing,61,3,3,2,0,4,26,0,0,0,0,0,0
http://5838163365.com/,phishing,22,1,3,1,0,1,10,0,0,0,0,0,0
https://cdn.trytraffics.com/rdr/YWE9Mzc5Nzk4NTg1JnNlaT0yNzM5MzYzNCZ0az01M0ZlSXhHTjRjOFo0cHZxbGdGcSZ0PTUmYz05MGFzODc2ZmQ4OWFzNWZnOGEwOXM=,phishing,136,2,4,2,0,3,16,0,0,0,0,1,0
http://sharfeenako.github.io/Netflix/,phishing,37,2,4,2,0,2,0,0,0,0,0,0,0
http://pub-8161de4a277e4ee8b532af34954224e1.r2.dev/index.html,phishing,61,3,3,2,0,4,23,0,0,0,0,0,0
http://dev-0896231214.pantheonsite.io/,phishing,38,2,3,2,0,3,10,0,0,0,0,0,0
http://pub-149d4d9c6d584b858c08016d778c9c30.r2.dev/index.html,phishing,61,3,3,2,0,4,24,0,0,0,0,0,0
http://telegram-mtle.com/login,phishing,30,1,3,1,1,2,0,0,0,0,0,0,0
https://stieamccommnunlty.com/ijotl/dtie/ciotl,phishing,46,1,5,1,0,1,0,0,0,0,0,1,0
http://pub-a7b2bb0d4b56401789d19dab90cffeaf.r2.dev/index.html,phishing,61,3,3,2,0,4,17,0,0,0,0,0,0
http://pub-74b351f44b8f484b8f04b6db2fb59ffa.r2.dev/index.html,phishing,61,3,3,2,0,4,19,0,0,0,0,0,0
http://ankuragarwal130702.github.io/netflixclone/,phishing,49,2,4,2,0,2,6,0,0,0,0,0,0
http://pub-b363eebd12344c2987bfc6e1c604a13d.r2.dev/index.html,phishing,61,3,3,2,0,4,20,0,0,0,0,0,0
http://loginscreen-att-108245.weeblysite.com/,phishing,45,2,3,2,1,4,6,0,0,0,0,0,0
https://proxy.linux.romtelecom.net/,phishing,35,3,3,3,0,3,0,0,0,0,0,1,0
https://jaiuw8uolk.weebly.com/,phishing,30,2,3,2,0,2,1,0,0,0,0,1,0
https://cdn.trytraffics.com/rdr/YWE9Mzc5Nzk0MjM3JnNlaT0zMDMxNTEzNyZ0az1sdkIyYmlZc2ZVTWVKUWp1WEhMTCZ0PTUmYz05MGFzODc2ZmQ4OWFzNWZnOGEwOXM=,phishing,136,2,4,2,0,3,14,0,0,0,0,1,0
http://emergencymail49.wixstudio.com/mycurrentlyupdate,phishing,54,2,3,2,1,2,2,0,0,0,0,0,0
http://video-virall-in.lv-reg.com/id,phishing,36,2,3,2,0,5,0,0,0,0,0,0,0
http://urlz.fr/tNCu,phishing,19,1,3,1,0,1,0,0,0,0,0,0,0
https://cdn.trytraffics.com/rdr/YWE9Mzc5Nzk0Nzk1JnNlaT0zMDYwMDk5MSZ0az1mU0lsZUZvclFuOVdEdmRDR1VieSZ0PTUmYz05MGFzODc2ZmQ4OWFzNWZnOGEwOXM=,phishing,136,2,4,2,0,3,15,0,0,0,0,1,0
http://yegomoicidde-3528.vercel.app/szo.cxxfz,phishing,45,3,3,2,0,4,4,0,0,0,0,0,0
https://cdn.trytraffics.com/rdr/YWE9Mzc3OTkyNjA1JnNlaT0xNzA3OTE4NCZ0az13MEs2cW9nbjBuMUpwNzA4bnJmRSZ0PTUmYz05MGFzODc2ZmQ4OWFzNWZnOGEwOXM=,phishing,136,2,4,2,0,3,17,0,0,0,0,1,0
http://www.brwj.cn/,phishing,19,2,3,2,0,2,0,0,0,0,1,0,0
http://www.car1997.cn/,phishing,22,2,3,2,0,2,4,0,0,0,1,0,0
https://pub-4ef5a5e6cc4a4498baa4aadbea4df574.r2.dev/index.html,phishing,62,3,3,2,0,4,15,0,0,0,0,1,0
http://page01-5ug.pages.dev/,phishing,28,2,3,2,0,3,3,0,0,0,0,0,0
http://munnoi.github.io/Netflix-clone/,phishing,38,2,4,2,0,3,0,0,0,0,0,0,0
http://www.tinyurl.com/dzad654654/,phishing,34,2,4,2,0,2,6,0,0,1,1,0,0
https://pub-4eb608ff23634f6db04102ccdc7f581d.r2.dev/index.html,phishing,62,3,3,2,0,4,20,0,0,0,0,1,0
https://pub-5bbf4b6b05af45e097d7fbc2c78e0caa.r2.dev/index.html,phishing,62,3,3,2,0,4,16,0,0,0,0,1,0
http://ledguer-logon.webflow.io/,phishing,32,2,3,2,0,3,0,0,0,0,0,0,0
http://kucuinklogin.webflow.io/,phishing,31,2,3,2,1,2,0,0,0,0,0,0,0
http://messageriedufixe12.wixsite.com/messageriedufixe12,phishing,56,2,3,2,0,2,4,0,0,0,0,0,0
https://pub-8bc76deb5c6b4e47baef0f4932eb9e1f.r2.dev/index.html,phishing,62,3,3,2,0,4,16,0,0,0,0,1,0
https://priya07choudhary.github.io/Amazon-Clone,phishing,47,2,3,2,0,3,2,0,0,0,0,1,0
http://playreha.com/public/cx/index.html,phishing,40,2,5,1,0,2,0,0,0,0,0,0,0
https://pub-b9beb95597004580babdef7ebc75c54e.r2.dev/index.html,phishing,62,3,3,2,0,4,18,0,0,0,0,1,0
https://rubin-houdlogii.github.io/,phishing,34,2,3,2,0,3,0,0,0,0,0,1,0
https://login-press-apple.dmlib.pro/,phishing,36,2,3,2,1,4,0,0,0,0,0,1,0
https://metta-masklugiyscuu.godaddysites.com/,phishing,45,2,3,2,0,3,0,0,0,0,0,1,0
https://meltamassk-luggiz.godaddysites.com/,phishing,43,2,3,2,0,3,0,0,0,0,0,1,0
https://appole.indigen.cn/store/,phishing,32,2,4,2,0,2,0,0,0,0,0,1,0
https://ebayseoinc.com/,phishing,23,1,3,1,0,1,0,0,0,0,0,1,0
https://dillikicp.com/track/app/track.php,phishing,41,2,5,1,0,2,0,0,0,0,0,1,0
https://urlz.fr/u5d0,phishing,20,1,3,1,0,1,2,0,0,0,0,1,0
https://atttlogin5434.weebly.com/,phishing,33,2,3,2,1,2,4,0,0,0,1,1,0
https://updatedemailservicenowneededforbenefit.weebly.com/,phishing,58,2,3,2,1,2,0,0,0,0,0,1,0
http://quikkwebrepbook.tw/signin/,phishing,33,1,4,1,0,1,0,0,0,0,0,0,0
http://intuipqb.tw/signin/,phishing,26,1,4,1,0,1,0,0,0,0,0,0,0
https://aoth-sutie-ttrezor-app.webflow.io/,phishing,42,2,3,2,0,5,0,0,0,0,0,1,0
https://connect-sso-treazor.webflow.io/,phishing,39,2,3,2,0,4,0,0,0,0,0,1,0
https://quole90.weebly.com/,phishing,27,2,3,2,0,2,2,0,0,0,0,1,0
http://case-1000341671.mfbsp1124.click/,phishing,39,2,3,2,0,3,14,0,0,0,1,0,0
http://eastlink-103689.weeblysite.com/,phishing,38,2,3,2,0,3,6,0,0,0,0,0,0
https://fifth33rds.com/cont/fifth/en/personal-banking/bank/foreign-currency-exchange.html,phishing,89,2,8,1,1,5,2,0,0,0,0,1,0
https://s.team-invlte.team-pww.com/,phishing,35,3,3,3,0,5,0,0,0,0,0,1,0
https://bafybeif6rstqhk66jvd7lnjzdv7uofkbc4cipv5ydhyw56vwsxgzupalla.ipfs.dweb.link/C6F61643A206874747.htm,phishing,105,4,3,3,0,4,24,0,0,0,0,1,0
https://amzon.pro/,phishing,18,1,3,1,0,1,0,0,0,0,0,1,0
https://userattmail7894984904905.weebly.com/,phishing,44,2,3,2,0,2,13,0,0,0,0,1,0
https://currentlyatt88771.weebly.com/,phishing,37,2,3,2,0,2,5,0,0,0,0,1,0
https://savvicesse.weebly.com/,phishing,30,2,3,2,0,2,0,0,0,0,0,1,0
https://server872.weebly.com/,phishing,29,2,3,2,0,2,3,0,0,0,0,1,0
https://steamcommnunty.com/app/17308/rust,phishing,41,1,5,1,0,1,5,0,0,0,0,1,0
http://ck188188w.com/,phishing,21,1,3,1,0,1,6,0,0,0,0,0,0
http://bxx21q.com/,phishing,18,1,3,1,0,1,2,0,0,0,0,0,0
http://6h815.com/,phishing,17,1,3,1,0,1,4,0,0,0,0,0,0
http://38438ht.com/,phishing,19,1,3,1,0,1,5,0,0,1,0,0,0
http://2381yy.com/,phishing,18,1,3,1,0,1,4,0,0,0,0,0,0
https://entreideias.pt/webkalifree?7eL9JQZWMR=/,phishing,47,1,4,1,1,3,2,0,0,0,0,1,0
https://6h919.com/,phishing,18,1,3,1,0,1,4,0,0,0,0,1,0
https://publiwave.xyz/,phishing,22,1,3,1,0,1,0,0,0,0,0,1,0
http://work-with-us-31m.pages.dev/help/contact/571905517638187/,phishing,63,2,6,2,0,5,17,0,0,0,0,0,0
http://ic.skysoon.com/ger01.html,phishing,32,3,3,2,0,3,2,0,0,0,0,0,0
http://dev.raymehrkish.com/ger02.html,phishing,37,3,3,2,0,3,2,0,0,0,0,0,0
http://events.preprod.afcen.com/ger01.html,phishing,42,4,3,3,0,4,2,0,0,0,0,0,0
https://kucoinlsogin.webflow.io/,phishing,32,2,3,2,0,2,0,0,0,0,0,1,0
https://r0bypasf.forms.app/,phishing,27,2,3,2,0,2,1,0,0,0,0,1,0
https://metamasknlogins.webflow.io/,phishing,35,2,3,2,1,2,0,0,0,0,0,1,0
https://3240404.top/,phishing,20,1,3,1,0,1,7,0,0,0,0,1,0
https://integrationfixer.pages.dev/,phishing,35,2,3,2,0,2,0,0,0,0,0,1,0
https://ixi.me/@pagehelp05?case?id=/60659,phishing,41,1,4,1,0,5,7,0,0,0,0,1,1
https://andressacabrall.github.io/Clone-Pagina-Instagram,phishing,56,2,3,2,0,4,0,0,0,0,0,1,0
http://tofishedhtnl.weebly.com/,phishing,31,2,3,2,0,2,0,0,0,0,0,0,0
https://skyvadeli.com/,phishing,22,1,3,1,0,1,0,0,0,0,0,1,0
https://ikosnnjds.com/,phishing,22,1,3,1,0,1,0,0,0,0,0,1,0
https://layanan-diana.bantuan-resmi.top/,phishing,40,2,3,2,0,4,0,0,0,0,0,1,0
https://uphuldlogim.github.io/,phishing,30,2,3,2,0,2,0,0,0,0,0,1,0
https://bafkreiabdzge4hdhzthnfwz2jnmvei7eyjksjohms6z6qgtdkmflohpway.ipfs.flk-ipfs.xyz/,phishing,86,3,3,3,0,4,5,0,0,0,0,1,0
https://wap.pixelreeder.com/,phishing,28,2,3,2,0,2,0,0,0,0,0,1,0
https://7c9a5.guzhibo.cn/,phishing,25,2,3,2,0,2,3,0,0,0,0,1,0
https://p5u7j.guzhibo.cn/,phishing,25,2,3,2,0,2,2,0,0,0,0,1,0
https://d8h1v.guzhibo.cn/,phishing,25,2,3,2,0,2,2,0,0,0,0,1,0
https://flodjxi.cn/,phishing,19,1,3,1,0,1,0,0,0,0,0,1,0
https://t4s7f.guzhibo.cn/,phishing,25,2,3,2,0,2,2,0,0,0,0,1,0
https://h2r5d.guzhibo.cn/,phishing,25,2,3,2,0,2,2,0,0,0,0,1,0
https://m1x9z.guzhibo.cn/,phishing,25,2,3,2,0,2,2,0,0,0,0,1,0
https://attmaill0gin2341.weebly.com/,phishing,36,2,3,2,0,2,5,0,0,0,0,1,0
https://bigdriveonline.synology.me/cgi-bin/home.ha/,phishing,51,3,5,2,0,4,0,0,0,0,0,1,0
https://640sycamore.duckdns.org/cgi-bin/home.ha/,phishing,48,3,5,2,0,4,3,0,0,0,0,1,0
http://privacycenter-managerpages-es.web.app/meta-community-standard.html,phishing,73,3,3,2,0,7,0,0,0,0,0,0,0
https://pub-fb083ff96a084263810de1145c98cad6.r2.dev/index.html,phishing,62,3,3,2,0,4,22,0,0,0,0,1,0
https://pub-d8e477385c47458295d85ce2b4e8d4ef.r2.dev/index.html,phishing,62,3,3,2,0,4,22,0,0,0,0,1,0
https://airbnb.thomas-jan.fr/,phishing,29,2,3,2,0,3,0,0,0,0,0,1,0
https://escudodeprotecao.com.br/Adobe/adobe-3D6,phishing,47,2,4,2,0,3,2,0,0,0,0,1,0
https://saroma.net/,phishing,19,1,3,1,0,1,0,0,0,0,0,1,0
https://alheriroyalhotel.com/,phishing,29,1,3,1,0,1,0,0,0,0,0,1,0
https://alarabicenter.com.eg/sacm.html,phishing,38,3,3,2,0,3,0,0,0,0,0,1,0
https://pub-c0417de660044b23aa0b7dbebf78b790.r2.dev/index.html,phishing,62,3,3,2,0,4,20,0,0,0,0,1,0
https://instafreefollower.netlify.app/,phishing,38,2,3,2,1,2,0,0,0,0,0,1,0
https://currently87721.weebly.com/,phishing,34,2,3,2,0,2,5,0,0,0,0,1,0
https://walleit-ledger-wllt.webflow.io/,phishing,39,2,3,2,0,4,0,0,0,0,0,1,0
https://pub-607eadd3b13e4ef1b2bc4cfadc478327.r2.dev/index.html,phishing,62,3,3,2,0,4,17,0,0,0,0,1,0
https://attcreditnoterupdatetimedecreescreen.weebly.com/,phishing,56,2,3,2,1,2,0,0,0,0,0,1,0
http://www.shorten.is/@userauth65218999/,phishing,40,2,4,2,0,3,8,0,0,0,2,0,1
https://www.tl-larger.org/,phishing,26,2,3,2,0,3,0,0,0,0,1,1,0
https://currentlymail91.weebly.com/,phishing,35,2,3,2,0,2,2,0,0,0,0,1,0
https://sedduok.github.io/test/,phishing,31,2,4,2,0,2,0,0,0,0,0,1,0
http://aba8daff-44ac-4f69-80b9-6ba39a370369-00-191g1axivagw1.pike.replit.dev/,phishing,77,3,3,3,0,9,25,0,0,0,0,0,0
https://juno-107111.weeblysite.com/,phishing,35,2,3,2,0,3,6,0,0,0,1,1,0
https://pub-076885f8813e48689c25cb9d58fb3491.r2.dev/index.html,phishing,62,3,3,2,0,4,25,0,0,0,0,1,0
https://pancake-frontend-dejmy38ut-chefilip.vercel.app/voting/proposal/create,phishing,77,2,5,2,0,5,2,0,0,0,0,1,0
https://pub-ddd7a9690be64fcc90b63dcf4c9f234a.r2.dev/index.html,phishing,62,3,3,2,0,4,17,0,0,0,1,1,0
https://asureindirect.blogspot.com/,phishing,35,2,3,2,0,2,0,0,0,1,0,1,0
http://asureindirect.blogspot.tw/,phishing,33,2,3,2,0,2,0,0,0,0,0,0,0
https://www.bet365huangguang6.com/,phishing,34,2,3,2,0,2,4,0,0,0,1,1,0
https://www.bet365huangguang5.com/,phishing,34,2,3,2,0,2,4,0,0,0,1,1,0
https://pub-1243f05931b54ebda22d9325c7fc1dd5.r2.dev/index.html,phishing,62,3,3,2,0,4,21,0,0,0,0,1,0
https://www.haseenergia.com/p0p/p0pjan30/p0p-jan/2bb06deabe09e7bc69af549b7c0a7ca2,phishing,81,2,6,2,0,3,20,0,0,0,1,1,0
https://www.haseenergia.com/p0p/p0pjan30/p0p-jan/4b955c4377150b73576e2170262e7ec3,phishing,81,2,6,2,0,3,30,0,0,0,1,1,0
http://rcadelivery.com.br/,phishing,26,2,3,2,0,2,0,0,0,0,0,0,0
http://metamasckwalletz.webflow.io/,phishing,35,2,3,2,0,2,0,0,0,0,0,0,0
http://rakshop.cc/,phishing,18,1,3,1,0,1,0,0,0,0,0,0,0
http://dann-ggvw-indo.daftarfylter.biz.id/,phishing,42,3,3,3,0,5,0,0,0,0,0,0,0
http://homemailatt-1008994.weeblysite.com/,phishing,42,2,3,2,0,3,7,0,0,0,0,0,0
http://grand663.top/,phishing,20,1,3,1,0,1,3,0,0,0,0,0,0
https://logon-en--web-ledgr.webflow.io/,phishing,39,2,3,2,0,6,0,0,0,0,0,1,0
https://bronm0.wixsite.com/nbmp,phishing,31,2,3,2,0,2,1,0,0,0,0,1,0
https://guzhibo.cn/,phishing,19,1,3,1,0,1,0,0,0,0,0,1,0
https://e6w3i.guzhibo.cn/,phishing,25,2,3,2,0,2,2,0,0,0,0,1,0
https://x9g4q.guzhibo.cn/,phishing,25,2,3,2,0,2,2,0,0,0,0,1,0
https://b3e8k.guzhibo.cn/,phishing,25,2,3,2,0,2,2,0,0,0,0,1,0
https://tiktok-wholesalers.net/,phishing,31,1,3,1,0,2,0,0,0,0,0,1,0
https://6q2n8.guzhibo.cn/,phishing,25,2,3,2,0,2,3,0,0,0,0,1,0
https://attofficepage.weebly.com/,phishing,33,2,3,2,0,2,0,0,0,0,0,1,0
https://gg.bbprklsds.shop/ja-JP/,phishing,32,2,4,2,0,3,0,0,0,0,0,1,0
http://www.marrklkkelllekke.com/,phishing,32,2,3,2,0,2,0,0,0,0,2,0,0
http://klaiim-hadia4h-danaaiid.iid-resmii2.xyz/,phishing,47,2,3,2,0,5,2,0,0,0,0,0,0
http://klaiim-hadia4h-danaaiid.resmiinii2.xyz/,phishing,46,2,3,2,0,4,2,0,0,0,0,0,0
http://klaiim-hadia4h-danaaiid.upresmi2.xyz/,phishing,44,2,3,2,0,4,2,0,0,0,0,0,0
http://www.15-subat-ramazan-indirim-zamani.duckdns.org/indexer.html,phishing,67,4,3,3,0,8,2,0,0,0,1,0,0
http://klaiim-hadia4h-danaaiid.resmiid2.xyz/,phishing,44,2,3,2,0,4,2,0,0,0,0,0,0
http://klaiim-hadia4h-danaaiid.cs-resmiii2.xyz/,phishing,47,2,3,2,0,5,2,0,0,0,1,0,0
http://klaiim-hadia4h-danaaiid.resmini-id2.xyz/,phishing,47,2,3,2,0,5,2,0,0,0,0,0,0
https://amazon-prime-opui.openplatform.co/amazonprime/generateOTP,phishing,65,2,4,2,0,4,0,0,0,0,0,1,0
https://cc.yyorklck1.shop/ja-JP/,phishing,32,2,4,2,0,3,1,0,0,0,0,1,0
https://firsttopcld-fdx.com/,phishing,28,1,3,1,0,2,0,0,0,0,0,1,0
https://ff.ccaoshabi.shop/ja-JP/,phishing,32,2,4,2,0,3,0,0,0,0,0,1,0
https://atmailupdateformeupdaterdzxtdinfomailacct.weebly.com/,phishing,61,2,3,2,1,2,0,0,0,0,0,1,0
https://logontoaccess.weebly.com/,phishing,33,2,3,2,0,2,0,0,0,0,0,1,0
https://monitor-collab.github.io/amazon,phishing,39,2,3,2,0,3,0,0,0,0,0,1,0
https://shaw-104374.weeblysite.com/,phishing,35,2,3,2,0,3,6,0,0,0,0,1,0
https://attmaillity.weebly.com/,phishing,31,2,3,2,0,2,0,0,0,0,0,1,0
http://9394663365.com/,phishing,22,1,3,1,0,1,10,0,0,0,0,0,0
https://logen-sso-trzorr.webflow.io/,phishing,36,2,3,2,0,4,0,0,0,0,0,1,0
https://uijkr8f89oerfjncy78fo.weebly.com/,phishing,41,2,3,2,0,2,5,0,0,0,0,1,0
http://hl8gkv.webwave.dev/,phishing,26,2,3,2,0,2,1,0,0,0,0,0,0
http://jfhoyi45.github.io/,phishing,26,2,3,2,0,2,2,0,0,0,0,0,0
https://pub-6ec1788194514d5693d77aa975f7c75b.r2.dev/index.html,phishing,62,3,3,2,0,4,24,0,0,0,0,1,0
http://stenmcommunity.com/gift/id=1131341079,phishing,44,1,4,1,0,2,10,0,0,0,0,0,0
http://pudgy-pudgy20.vercel.app/,phishing,32,2,3,2,0,3,2,0,0,0,0,0,0
https://case-1000678236.mfbsp1324.click/,phishing,40,2,3,2,0,3,14,0,0,0,1,1,0
http://yxlpj5wj.com/,phishing,20,1,3,1,0,1,1,0,0,0,0,0,0
http://whitelistaccesscoinbase.com/,phishing,35,1,3,1,0,1,0,0,0,0,0,0,0
http://amecxtrave.xyz/,phishing,22,1,3,1,0,1,0,0,0,0,0,0,0
http://653784yy.com/,phishing,20,1,3,1,0,1,6,0,0,0,0,0,0
http://688cp555.vip/,phishing,20,1,3,1,0,1,6,0,0,0,1,0,0
http://66976qwp.com/,phishing,20,1,3,1,0,1,5,0,0,0,0,0,0
http://667788hb.com/,phishing,20,1,3,1,0,1,6,0,0,0,0,0,0
http://2020dfcp.com/,phishing,20,1,3,1,0,1,4,0,0,0,0,0,0
https://att987363.weebly.com/,phishing,29,2,3,2,0,2,6,0,0,0,0,1,0
https://oauth--sso-trezour-web.webflow.io/,phishing,42,2,3,2,0,6,0,0,0,0,0,1,0
https://servicejytcurrently.weebly.com/,phishing,39,2,3,2,0,2,0,0,0,0,0,1,0
https://br.brasil104-1070.com.br/~prime6850561/,phishing,47,3,4,3,0,4,14,0,0,0,0,1,0
http://www.shorten.is/@loginvalidation34567890/,phishing,47,2,4,2,1,3,8,0,0,0,1,0,1
https://dllkmenqxbdeodifud.weebly.com/,phishing,38,2,3,2,0,2,0,0,0,0,0,1,0
https://rtyuiuytgf.weebly.com/,phishing,30,2,3,2,0,2,0,0,0,0,0,1,0
https://atttmail784895905955.weebly.com/,phishing,40,2,3,2,0,2,12,0,0,0,1,1,0
http://qrty.btleat.xyz/,phishing,23,2,3,2,0,2,0,0,0,0,0,0,0
http://muhammedsharif.github.io/netflix/,phishing,40,2,4,2,0,2,0,0,0,0,0,0,0
https://pub-a390d1aa30ac46b69336b2c82ebc8fa7.r2.dev/index.html,phishing,62,3,3,2,0,4,19,0,0,0,0,1,0
http://h551000.cc/,phishing,18,1,3,1,0,1,6,0,0,0,1,0,0
https://metamaskconnect.firebaseapp.com/,phishing,40,2,3,2,0,2,0,0,0,0,0,1,0
http://chartercom-gu7r5tte.pages.dev/,phishing,37,2,3,2,0,3,2,0,0,0,0,0,0
https://docs-en-treezor.github.io/en-us/,phishing,40,2,4,2,0,5,0,0,0,0,0,1,0
https://dalobatter.com/,phishing,23,1,3,1,0,1,0,0,0,0,0,1,0
https://pub-08e5f153316343c0aa3c10c00ee9ae24.r2.dev/index.html,phishing,62,3,3,2,0,4,22,0,0,0,0,1,0
http://telente-qfnt.icu/,phishing,24,1,3,1,0,2,0,0,0,0,0,0,0
https://unrestrictlogin.com/,phishing,28,1,3,1,1,1,0,0,0,0,0,1,0
http://currently333.weebly.com/,phishing,31,2,3,2,0,2,3,0,0,0,1,0,0
http://telemgram-ri.org/,phishing,24,1,3,1,0,2,0,0,0,0,0,0,0
https://att-102438.square.site/,phishing,31,2,3,2,0,3,6,0,0,0,0,1,0
https://attmailhppt.weebly.com/,phishing,31,2,3,2,0,2,0,0,0,0,0,1,0
https://signiatcodynamialive.weebly.com/,phishing,40,2,3,2,0,2,0,0,0,0,0,1,0
https://groovy-deciduous-diascia.glitch.me/index-usaa.html,phishing,58,3,3,2,0,6,0,0,0,0,0,1,0
https://dana-pinjaman.szvdn.biz.id/2025/,phishing,40,3,4,3,0,4,4,0,0,0,0,1,0
https://currentlymail411.weebly.com/,phishing,36,2,3,2,0,2,3,0,0,0,0,1,0
https://wirelessscompany.wixsite.com/my-site-1/,phishing,47,2,4,2,0,4,1,0,0,0,1,1,0
https://attcom-105480.weeblysite.com/,phishing,37,2,3,2,0,3,6,0,0,0,0,1,0
http://attcom-105480.square.site/,phishing,33,2,3,2,0,3,6,0,0,0,0,0,0
http://vrunddalal.github.io/Netflix.clone/,phishing,42,3,4,2,0,3,0,0,0,0,0,0,0
https://att-107437.weeblysite.com/,phishing,34,2,3,2,0,3,6,0,0,0,0,1,0
http://att-107437.square.site/,phishing,30,2,3,2,0,3,6,0,0,0,0,0,0
https://attcom-108960.weeblysite.com/,phishing,37,2,3,2,0,3,6,0,0,0,0,1,0
http://attcom-108960.square.site/,phishing,33,2,3,2,0,3,6,0,0,0,0,0,0
http://sanitta2002.github.io/netflix/,phishing,37,2,4,2,0,2,4,0,0,0,0,0,0
http://www.meta.dappsxs.com/,phishing,28,3,3,3,0,3,0,0,0,0,1,0,0
http://miaou2.uniuuu.com/,phishing,25,2,3,2,0,2,1,0,0,0,1,0,0
https://attmailonlineref.weebly.com/,phishing,36,2,3,2,0,2,0,0,0,0,0,1,0
http://lgcxuhcxtw.duckdns.org/en/,phishing,33,2,4,2,0,2,0,0,0,0,0,0,0
http://ipfs.io/ipfs/bafkreihrpzghhhyalyenqeck6xkauoezgcdsafml4j63hl3yslmnbv4ovu,phishing,79,1,4,1,0,1,6,0,0,0,1,0,0
http://ipfs.io/ipfs/bafkreihokfy4h66keavli5njv6cfaxgkdl7yupsnc7h5uh7asvf4dpb7qu,phishing,79,1,4,1,0,1,11,0,0,0,0,0,0
https://sujan010.github.io/amazon-clone1,phishing,40,2,3,2,0,3,4,0,0,0,0,1,0
https://tokenpocket-dapp.pages.dev/,phishing,35,2,3,2,0,3,0,0,0,0,0,1,0
https://kuuicon_loggix.godaddysites.com/,phishing,40,2,3,2,0,3,0,0,0,0,0,1,0
https://www.pontos.icliente-30hs.app/cadastro.php?codigo=lwOXWyBPPuWGjS9iGZ2AXzEeeKB,phishing,84,4,3,3,0,7,4,0,0,0,1,1,0
http://danacs12.pages.dev/,phishing,26,2,3,2,0,2,2,0,0,0,0,0,0
https://suhangrover.github.io/phishing-insta,phishing,44,2,3,2,0,3,0,0,0,0,0,1,0
https://storage.me-qr.com/html/a7779a1f-4329-48ae-926d-878c82f106a4.html,phishing,72,3,4,2,0,8,23,0,0,0,1,1,0
https://vintedfi.6537557257.live/payment/265262385,phishing,50,2,4,2,0,2,19,0,0,0,0,1,0
https://jgghuemanileigon.godaddysites.com/,phishing,42,2,3,2,0,2,0,0,0,0,0,1,0
https://booking.com.s1.prop223875.homes/property-a-Platonos-31-Thessaloniki-Greece-ssid-s4l2Vx9DIoTAyPon8Yk59VVwl632d4.booking,phishing,126,5,3,4,0,12,19,0,0,0,0,1,0
http://www.shorten.world/@metabusinesssupportplatform_page2025/,phishing,63,2,4,2,0,4,4,0,0,0,2,0,1
https://projectmanagerblueprint.com/,phishing,36,1,3,1,0,1,0,0,0,1,0,1,0
https://geeminizzl_ogin.godaddysites.com/,phishing,41,2,3,2,0,3,0,0,0,0,0,1,0
https://metmax_usa_loggi.godaddysites.com/,phishing,42,2,3,2,0,4,0,0,0,0,0,1,0
http://z1r00t-be3nkr.com/,phishing,25,1,3,1,0,2,4,0,0,0,0,0,0
https://geminilogine.weebly.com/,phishing,32,2,3,2,1,2,0,0,0,0,0,1,0
https://metamusskinloggini1.godaddysites.com/,phishing,45,2,3,2,0,2,1,0,0,0,0,1,0
http://juno-5434533.weebly.com/,phishing,31,2,3,2,0,3,7,0,0,0,0,0,0
http://freeattspage.square.site/,phishing,32,2,3,2,1,2,0,0,0,0,0,0,0
https://queunanesoinou-2487.vercel.app/kty.ekpjy/,phishing,49,3,4,2,0,4,4,0,0,0,0,1,0
http://lgbvpjwsqk.duckdns.org/en/,phishing,33,2,4,2,0,2,0,0,0,0,0,0,0
http://you1.knowitall.wiki/,phishing,27,2,3,2,0,2,1,0,0,0,0,0,0
http://daili.dsyl.xyz/,phishing,22,2,3,2,0,2,0,0,0,0,0,0,0
http://telargam.wang/,phishing,21,1,3,1,0,1,0,0,0,0,0,0,0
https://steamesconmmunity.com/10534920951,phishing,41,1,3,1,0,1,11,0,0,0,0,1,0
https://ziraet.sbs/,phishing,19,1,3,1,0,1,0,0,0,0,0,1,0
https://zireet.sbs/,phishing,19,1,3,1,0,1,0,0,0,0,0,1,0
https://auhmn.sbs/,phishing,18,1,3,1,0,1,0,0,0,0,0,1,0
https://www.15-subat-ramazan-indirim-zamani.duckdns.org/,phishing,56,3,3,3,0,7,2,0,0,0,1,1,0
http://universegloballinethreat.weebly.com/,phishing,43,2,3,2,0,2,0,0,0,0,0,0,0
https://addisfriend.com/?p/fvrv-ddeqwv/cqmdnpmv,phishing,47,1,5,1,0,3,0,0,0,0,0,1,0
https://ilalp.top/,phishing,18,1,3,1,0,1,0,0,0,0,0,1,0
https://dddjsjs.weebly.com/,phishing,27,2,3,2,0,2,0,0,0,0,1,1,0
http://aidattiade-turkiye.duckdns.org/,phishing,38,2,3,2,0,3,0,0,0,0,0,0,0
https://att-103512-adeyemi.square.site/,phishing,39,2,3,2,0,4,6,0,0,0,0,1,0
http://hzojrblwef.shop/,phishing,23,1,3,1,0,1,0,0,0,0,0,0,0
https://metyuimasklogin-usa.godaddysites.com/,phishing,45,2,3,2,1,3,0,0,0,0,0,1,0
https://meetaamaskloginz.godaddysites.com/,phishing,42,2,3,2,1,2,0,0,0,0,0,1,0
https://www.ohiojcl.org/,phishing,24,2,3,2,0,2,0,0,0,0,1,1,0
https://app.mainnet-dbk.com/,phishing,28,2,3,2,0,3,0,0,0,0,0,1,0
https://www.fiberoptic-device.com/,phishing,34,2,3,2,0,3,0,0,0,0,1,1,0
https://vansh1311.github.io/Netflix-project,phishing,43,2,3,2,0,3,4,0,0,0,0,1,0
https://fastbenefit.cfd/,phishing,24,1,3,1,0,1,0,0,0,0,0,1,0
https://bgtfr.weebly.com/,phishing,25,2,3,2,0,2,0,0,0,0,0,1,0
https://stenmcommunity.com/gift/id=7465904,phishing,42,1,4,1,0,2,7,0,0,0,0,1,0
https://stemcommmuntly.com/glft/7651464628003541,phishing,48,1,4,1,0,1,16,0,0,0,1,1,0
http://login_coinbasepr0.godaddysites.com/,phishing,42,2,3,2,1,3,1,0,0,0,0,0,0
https://pub-64c50f4a8f394c30b74ed1ac01710af3.r2.dev/index.html,phishing,62,3,3,2,0,4,21,0,0,0,0,1,0
https://telegnram.mom/,phishing,22,1,3,1,0,1,0,0,0,0,0,1,0
https://outlook.schule-goldbach.de/_xgbvgxfegwtborc_form?Lw==/,phishing,62,2,4,2,0,8,0,0,0,0,0,1,0
https://tradeforuminvest.top/,phishing,29,1,3,1,0,1,0,0,0,0,0,1,0
https://1.t18060138696-9b9.workers.dev/,phishing,39,3,3,3,0,4,14,0,0,0,0,1,0
https://www57365.cc/,phishing,20,1,3,1,0,1,5,0,0,0,1,1,0
https://fr.shopping.rakuten-paiments.com/cart/UT4aVoeSF3Rxx72QtMvJMk/,phishing,69,3,5,3,0,4,4,0,0,0,0,1,0
https://motox.licagroup.net/1bxs4wffjdstyujkg6t5/,phishing,49,2,4,2,0,2,4,0,0,0,0,1,0
https://sansolveversedesk.xyz/,phishing,30,1,3,1,0,1,0,0,0,0,0,1,0
https://schoolgirls.cyou/+0RCvVqPa1FcC3Yw,phishing,41,1,3,1,0,1,3,0,0,0,0,1,0
https://tiktokshopmall.info/,phishing,28,1,3,1,0,1,0,0,0,0,0,1,0
https://goo.su/kLrucBW,phishing,22,1,3,1,0,1,0,0,0,0,0,1,0
https://near-part.ru/fgh46wui64,phishing,31,1,3,1,0,2,4,0,0,0,0,1,0
http://muhammad-sultan-56.github.io/Netflix-Clone/,phishing,50,2,4,2,0,5,2,0,0,0,0,0,0
https://pub-373a4b9dee8448f7ae6feab2f1fbeb3f.r2.dev/zana.html,phishing,61,3,3,2,0,4,15,0,0,0,0,1,0
https://pub-442ed822851244a689b3472ea2c6a950.r2.dev/index.html,phishing,62,3,3,2,0,4,25,0,0,0,0,1,0
https://shipment-track-order-no-4389840834909330.vercel.app/adim/9iuj21q/ordersdhicrypt.htm/,phishing,92,3,6,2,0,7,19,0,0,0,0,1,0
https://pub-9c0e124bfdae48649cf3f048dae74580.r2.dev/index.html,phishing,62,3,3,2,0,4,20,0,0,0,0,1,0
https://pub-06d4cc19dd4f413ba88d354f695adb33.r2.dev/index.html,phishing,62,3,3,2,0,4,20,0,0,0,0,1,0
https://pub-7939c4661e5a4d42b00f10507cd7b6b1.r2.dev/index.html,phishing,62,3,3,2,0,4,23,0,0,0,0,1,0
http://lgbpkfavxp.duckdns.org/en/,phishing,33,2,4,2,0,2,0,0,0,0,0,0,0
https://pub-c808132868b74a96badd12203353a957.r2.dev/index.html,phishing,62,3,3,2,0,4,25,0,0,0,0,1,0
https://pub-9cf297c6a03346d5ac25e6649a786211.r2.dev/index.html,phishing,62,3,3,2,0,4,24,0,0,0,0,1,0
http://heady-thundering-vinca.glitch.me/T-RA-N-S-C-A-T43-2-4-22-4.html,phishing,70,3,3,2,0,15,7,0,0,0,0,0,0
https://staemcomunnitly.com/fbe00e2b0ff09bd190fccae994e870bf/c3RhZW1jb211bml0dGx5LmNvbQ==/aHR0cDovL3N0YWVtY29tdW5uaXRseS5jb20vZ2lmdC9hY3RpdmF0aW9uPURvcjVGaG5tMTF3,phishing,162,1,5,1,0,3,38,0,0,0,0,1,0
https://stenmcommunity.com/gifts/id=7658887233,phishing,46,1,4,1,0,2,10,0,0,0,1,1,0
http://facebook.loginfo.org/,phishing,28,2,3,2,1,2,0,0,0,0,0,0,0
https://letsgetclose.icu/+Bb5dSF1FpkQIVcz,phishing,41,1,3,1,0,1,2,0,0,0,0,1,0
http://zxs-danxindnsia-rsm1.ns10.us.kg/,phishing,39,3,3,3,0,5,3,0,0,0,0,0,0
http://lesta-lt.com/,phishing,20,1,3,1,0,2,0,0,0,1,0,0,0
https://coinbase-pro-login45.godaddysites.com/,phishing,46,2,3,2,1,4,2,0,0,0,0,1,0
https://kcurkoon-legiun.godaddysites.com/,phishing,41,2,3,2,0,3,0,0,0,0,0,1,0
https://gimking_zxliling.godaddysites.com/,phishing,42,2,3,2,0,3,0,0,0,0,0,1,0
https://pub-903cd42f250e4526ad35bcac86048a96.r2.dev/index.html,phishing,62,3,3,2,0,4,22,0,0,0,0,1,0
http://mettamks_-logi2.godaddysites.com/,phishing,40,2,3,2,0,4,1,0,0,0,0,0,0
http://bafybeieyhd25jih7trwqieeqdrajoxjzzitbyh4ehf274r4wlrjzqz7vrm.ipfs.dweb.link/D6F62696C6520417070.htm,phishing,105,4,3,3,0,4,25,0,0,0,0,0,0
http://pub-a756bfbce6f24896a23dd2b2872b7bd6.r2.dev/blosun.html,phishing,62,3,3,2,0,4,19,0,0,0,0,0,0
https://pub-23ec2b6870b54862b3decb490d7f28c2.r2.dev/index.html,phishing,62,3,3,2,0,4,21,0,0,0,0,1,0
http://tiktokwq.shop/,phishing,21,1,3,1,0,1,0,0,0,0,0,0,0
http://tiktokzx.shop/,phishing,21,1,3,1,0,1,0,0,0,0,0,0,0
http://tiktoksz.shop/,phishing,21,1,3,1,0,1,0,0,0,0,0,0,0
http://pub-4cb7958317b746f89d2408539f019ded.r2.dev/olufinindex.html,phishing,67,3,3,2,0,4,24,0,0,0,0,0,0
https://goo.su/TzFdSz,phishing,21,1,3,1,0,1,0,0,0,0,0,1,0
http://msimkin1230.wixsite.com/att2718/,phishing,39,2,4,2,0,2,8,0,0,0,0,0,0
http://fffffbbbbv.wixsite.com/my-site/,phishing,38,2,4,2,0,3,0,0,0,0,2,0,0
http://pub-682ad3b65d944376b919745aae3c56d4.r2.dev/document1.html,phishing,65,3,3,2,0,4,24,0,0,0,0,0,0
